{"f1_score": 0.7857142857142857, "accuracy": 0.8, "roc_auc_score": 0.7991071428571428}