{"f1_score": 0.7586206896551724, "accuracy": 0.7666666666666667, "roc_auc_score": 0.7666666666666667}