{"f1_score": 0.6285714285714287, "accuracy": 0.5666666666666667, "roc_auc_score": 0.5555555555555556}